<modification>
    <code>auto_title_h1_desc_seo_url</code>
    <name>Автозаполнение Title, h1, description, SEO url for OC 2.3+</name>
    <version>1.0</version>
    <author>Gran Torino</author>
    <link>https://github.com/grantorin</link>


<file path="admin/view/template/common/footer.tpl">
    <operation error="skip">
         <search><![CDATA[
            </body>
        ]]></search>
        <add position="before" offset="0" trim="false"><![CDATA[ 
            <script>
            	if ( "undefined" == typeof jQuery ) throw new Error( "jQuery is required" );
              jQuery( function( $ ) {

                  var ru2en = {
                      ru_str: 'ABCDEFGHIJKLMNOPQRSTUVWXYZАБВГДЕЁЖЗИЙКЛМНОПРСТУФХЦЧШЩЪЫЬЭЮЯабвгдеёжзийклмнопрстуфхцчшщъыьэюя ,.;"+/*?!@()&<>#$%^=\\|~№:[]',
                      en_str: [ 'a', 'b', 'c', 'd', 'e', 'f', 'g', 'h', 'i', 'j', 'k', 'l', 'm', 'n', 'o', 'p', 'q', 'r', 's', 't', 'u', 'v', 'w', 'x', 'y', 'z', 'a', 'b', 'v', 'g', 'd', 'e', 'jo', 'zh', 'z', 'i', 'j', 'k', 'l', 'm', 'n', 'o', 'p', 'r', 's', 't',
                          'u', 'f', 'h', 'c', 'ch', 'sh', 'shh', '', 'i', '', 'je', 'ju',
                          'ja', 'a', 'b', 'v', 'g', 'd', 'e', 'jo', 'zh', 'z', 'i', 'j', 'k', 'l', 'm', 'n', 'o', 'p', 'r', 's', 't', 'u', 'f',
                          'h', 'c', 'ch', 'sh', 'shh', '', 'i', '', 'je', 'ju', 'ja', '-', '', '', '', '', '', '', '', '', '', '', '', '', '', '', '', '', '', '', '', '', '', '', '', '', '', '', '', ''
                      ],
                      translit: function( org_str ) {
                          var tmp_str = "";
                          for ( var i = 0, l = org_str.length; i < l; i++ ) {
                              var s = org_str.charAt( i ),
                                  n = this.ru_str.indexOf( s );
                              if ( n >= 0 ) { tmp_str += this.en_str[ n ]; } else { tmp_str += s; }
                          }
                          return tmp_str.toLowerCase();
                      }
                  }

                  var isEmptyInput = {
                      title: !!$( '#input-meta-title1' ).val(),
                      metah1: !!$( '#input-meta-h11' ).val(),
                      description: !!$( '#input-meta-description1' ).val(),
                  }

                  $( '#input-name1' ).on( 'input', function() {
                      if ( !isEmptyInput.title ) {
                          $( '#input-meta-title1' ).val( $( this ).val().trim() );
                      }
                      if ( !isEmptyInput.metah1 ) {
                          $( '#input-meta-h11' ).val( $( this ).val().trim() );
                      }
                      if ( !isEmptyInput.description ) {
                          $( '#input-meta-description1' ).val( $( this ).val().trim() );
                      }
                      $( '#input-keyword' ).val( ru2en.translit( $( this ).val().trim() ) );
                  } )

              } )
            </script>
        ]]></add>
    </operation>
</file>
</modification>